date,CPI_YoY,CPI_lag1,EUR_CHF,oil_price
1999-06-01,0.5741093027079147,0.5757329220003493,0.0008999999999999009,0.2221388203026411
1999-07-01,0.7350355994285351,0.5741093027079147,-0.008000000000000007,0.002721525377880951
1999-08-01,0.9459968083746606,0.7350355994285351,0.009300000000000086,0.05984374580711371
1999-09-01,1.2174700795726912,0.9459968083746606,-0.0038000000000000256,0.19384396045302976
1999-10-01,1.2366095583721703,1.2174700795726912,0.0012999999999998568,0.031174941342192675
1999-11-01,1.3044526083761945,1.2366095583721703,-0.007599999999999829,0.11915872232252189
1999-12-01,1.6681894024643371,1.3044526083761945,0.01089999999999991,-0.04884998672631902
2000-01-01,1.585332796674899,1.6681894024643371,-0.0037000000000000366,0.15229772919294327
2000-02-01,1.6237324092732042,1.585332796674899,0.008499999999999952,0.05563943752977085
2000-03-01,1.4828946645933485,1.6237324092732042,-0.0027999999999999137,0.00369455071781033
2000-04-01,1.4023972782482683,1.4828946645933485,-0.0022999999999999687,0.11377670739375878
2000-05-01,1.580543914713051,1.4023972782482683,-0.03079999999999994,0.007737760859662934
2000-06-01,1.8390624762834265,1.580543914713051,-0.017300000000000093,-0.18914231498363598
2000-07-01,1.8887900584344752,1.8390624762834265,0.0033000000000000806,0.23070002793261546
2000-08-01,1.1247205041089448,1.8887900584344752,-0.009000000000000119,0.0271913033589537
2000-09-01,1.4399131878426008,1.1247205041089448,0.00039999999999995595,-0.03387917693609932
2000-10-01,1.3322234369764765,1.4399131878426008,-0.021199999999999886,0.0910278538386784
2000-11-01,1.9124519421019004,1.3322234369764765,-0.016699999999999937,0.11610886817892085
2000-12-01,1.4933555393636722,1.9124519421019004,0.008000000000000007,-0.06061036140749909
2001-01-01,1.2954879132075048,1.4933555393636722,-0.007800000000000029,0.054747758571997096
2001-02-01,0.7796757239476149,1.2954879132075048,0.015599999999999836,-0.28948265799040174
2001-03-01,0.9758776221602704,0.7796757239476149,0.006400000000000183,-0.03654382790484911
2001-04-01,1.1665342018120306,0.9758776221602704,0.00019999999999997797,0.09322042122216745
2001-05-01,1.765736156854092,1.1665342018120306,-0.007000000000000117,-0.10281113541218767
2001-06-01,1.5804498864965266,1.765736156854092,0.0050000000000001155,0.060496584690325594
2001-07-01,1.351523198837845,1.5804498864965266,-0.011200000000000099,0.12156016762908717
2001-08-01,1.0508747909506957,1.351523198837845,-0.009099999999999886,0.0008833858002255113
2001-09-01,0.6749930283483252,1.0508747909506957,0.0009999999999998899,-0.13619978592134485
2001-10-01,0.6302958466146702,0.6749930283483252,-0.022499999999999964,-0.004281305384512102
2001-11-01,0.286950253985152,0.6302958466146702,-0.012299999999999978,-0.027250747655188423
2001-12-01,0.3251126441811358,0.286950253985152,-0.013100000000000112,-0.22457006300078897
2002-01-01,0.5214890433703712,0.3251126441811358,0.007800000000000029,-0.07759355063382056
2002-02-01,0.6544284399458311,0.5214890433703712,-0.0004999999999999449,-0.005573380367389191
2002-03-01,0.5093879933556034,0.6544284399458311,0.0036000000000000476,0.048365856281965325
2002-04-01,1.0973731034443546,0.5093879933556034,-0.009400000000000075,0.06098059266911404
2002-05-01,0.647948164146861,1.0973731034443546,-0.0020000000000000018,0.1425211910409474
2002-06-01,0.3259575284563887,0.647948164146861,-0.009299999999999864,0.07001856602592715
2002-07-01,-0.0515449933534029,0.3259575284563887,0.014899999999999913,-0.056522363001787035
2002-08-01,0.4726305104704842,-0.0515449933534029,-0.009000000000000119,-0.08107025417558278
2002-09-01,0.4968906023308461,0.4726305104704842,0.0013000000000000789,0.02212136864828551
2002-10-01,1.2371197314969162,0.4968906023308461,0.0012000000000000899,0.050896953175388226
2002-11-01,0.9154999142747756,1.2371197314969162,-0.00019999999999997797,0.06092467103426635
2002-12-01,0.8909637151505834,0.9154999142747756,0.0023999999999999577,-0.031225051231919654
2003-01-01,0.8466394776995623,0.8909637151505834,0.0006999999999999229,-0.14262160863685436
2003-02-01,0.9492238418890464,0.8466394776995623,-0.005700000000000038,0.1355685336340975
2003-03-01,1.3391575988629834,0.9492238418890464,0.0049000000000001265,0.04958408369474565
2003-04-01,0.6717221074508117,1.3391575988629834,0.0018000000000000238,0.03920291264049647
2003-05-01,0.4141293845358662,0.6717221074508117,0.02639999999999998,-0.06990363200786653
2003-06-01,0.5479849655695368,0.4141293845358662,0.019399999999999862,-0.18659451104410474
2003-07-01,0.2704114868899543,0.5479849655695368,0.025100000000000122,-0.01929872672972044
2003-08-01,0.5371557219868484,0.2704114868899543,0.007199999999999873,0.07411952393584054
2003-09-01,0.5303556602334947,0.5371557219868484,-0.006699999999999928,0.055612135878392976
2003-10-01,0.4537164317224063,0.5303556602334947,0.00649999999999995,0.06856324956088988
2003-11-01,0.5126104880375904,0.4537164317224063,0.0012000000000000899,-0.09950244719369072
2003-12-01,0.593759112130865,0.5126104880375904,0.010599999999999943,0.04628693954071572
2004-01-01,0.1724510320063821,0.593759112130865,-0.0038000000000000256,-0.022230858059166803
2004-02-01,0.0906920919193199,0.1724510320063821,0.011200000000000099,-0.014329843112070417
2004-03-01,-0.0970444535233316,0.0906920919193199,0.006999999999999895,0.0285644830487497
2004-04-01,0.5459237248374604,-0.0970444535233316,-0.00649999999999995,-0.012068132270025789
2004-05-01,0.9399762348586638,0.5459237248374604,-0.011900000000000022,0.11240378704787402
2004-06-01,1.112038524711223,0.9399762348586638,-0.013900000000000023,0.01409736819295615
2004-07-01,0.8623966415482132,1.112038524711223,-0.02210000000000001,0.10126387906227441
2004-08-01,1.00105439294762,0.8623966415482132,0.008099999999999996,-0.09066334268133769
2004-09-01,0.8608348783639475,1.00105439294762,0.011300000000000088,0.07704149650301506
2004-10-01,1.2927295005724204,0.8608348783639475,0.004999999999999893,0.1270757986797202
2004-11-01,1.517451362303257,1.2927295005724204,-0.00039999999999995595,0.010694230986533881
2004-12-01,1.3318216970542365,1.517451362303257,-0.02059999999999995,0.11928144734433399
2005-01-01,1.204966753922876,1.3318216970542365,0.013800000000000034,-0.19511671280451193
2005-02-01,1.4102361134970651,1.204966753922876,0.01079999999999992,-0.10894996570727411
2005-03-01,1.4411711322094956,1.4102361134970651,0.0032000000000000917,0.14470417481014364
2005-04-01,1.4160056973536506,1.4411711322094956,-0.001000000000000112,0.032449294099812676
2005-05-01,1.081752752045961,1.4160056973536506,-0.0018000000000000238,0.13986721497049048
2005-06-01,0.680865284280352,1.081752752045961,-0.0022999999999999687,-0.004502022697657537
2005-07-01,1.1891595703638291,0.680865284280352,-0.006599999999999939,-0.0458756221997092
2005-08-01,0.9607167885342438,1.1891595703638291,0.01990000000000003,0.1488531884719011
2005-09-01,1.3965960755828677,0.9607167885342438,-0.00550000000000006,0.0795921909303079
2005-10-01,1.3331832274314117,1.3965960755828677,-0.0035000000000000586,0.08192130828091848
2005-11-01,0.95148727086678,1.3331832274314117,-0.00019999999999997797,-0.015761064430379612
2005-12-01,1.006391558327513,0.95148727086678,-0.0037000000000000366,-0.05302278189529108
2006-01-01,1.2908186872996552,1.006391558327513,0.0026000000000001577,-0.04118180928298365
2006-02-01,1.3835390299504755,1.2908186872996552,0.0012999999999998568,0.024895163548119825
2006-03-01,1.0288259014513912,1.3835390299504755,0.008700000000000152,0.08162862904428625
2006-04-01,1.059144708877624,1.0288259014513912,0.010999999999999899,-0.024766889462105368
2006-05-01,1.36187282461131,1.059144708877624,0.006099999999999994,0.030800250455027545
2006-06-01,1.5621153237435292,1.36187282461131,-0.018399999999999972,0.10756360355985528
2006-07-01,1.4247208742826478,1.5621153237435292,0.0035000000000000586,-0.05854486557273475
2006-08-01,1.4521365465215652,1.4247208742826478,0.008599999999999941,-0.006557496385339867
2006-09-01,0.7939376825941258,1.4521365465215652,0.008899999999999908,0.07516379030418374
2006-10-01,0.258684727035896,0.7939376825941258,0.006200000000000205,-0.010745180393903375
2006-11-01,0.4977471942328337,0.258684727035896,0.005999999999999783,-0.15679660721426192
2006-12-01,0.6209781033869932,0.4977471942328337,0.0025000000000001688,-0.05599305333821647
2007-01-01,0.1020984965667715,0.6209781033869932,0.0043999999999999595,-0.0030389490089284266
2007-02-01,-0.0113575927145448,0.1020984965667715,0.019099999999999895,0.0383175726532512
2007-03-01,0.1727312083750654,-0.0113575927145448,0.005600000000000049,-0.12220195394138234
2007-04-01,0.4538851790824694,0.1727312083750654,-0.00869999999999993,0.06670867578860928
2007-05-01,0.487923619938857,0.4538851790824694,0.024799999999999933,0.05713062031891614
2007-06-01,0.6309052678966642,0.487923619938857,0.012599999999999945,0.07870084318771209
2007-07-01,0.7202232365154382,0.6309052678966642,0.0041999999999999815,0.0036672062831328844
2007-08-01,0.4358556835820426,0.7202232365154382,0.0025000000000001688,0.06540989420628485
2007-09-01,0.7471333906709621,0.4358556835820426,-0.019000000000000128,0.0585948862621084
2007-10-01,1.264338970603407,0.7471333906709621,0.009800000000000031,-0.0876556488333815
2007-11-01,1.770059625120357,1.264338970603407,0.022900000000000142,0.0728471274716318
2007-12-01,2.004012153826773,1.770059625120357,-0.02190000000000003,0.05472176603006673
2008-01-01,2.4263057904782004,2.004012153826773,0.010099999999999998,0.07119729412111475
2008-02-01,2.364613585005393,2.4263057904782004,-0.03970000000000007,-0.002347647906800532
2008-03-01,2.6309183931829905,2.364613585005393,-0.010199999999999987,-0.020534015433360864
2008-04-01,2.2840998978057803,2.6309183931829905,-0.03760000000000008,0.020886436458109614
2008-05-01,2.855620212416632,2.2840998978057803,0.02429999999999999,0.0121623578586183
2008-06-01,2.911714067871896,2.855620212416632,0.029100000000000126,0.051616394169959
2008-07-01,3.0748143893048363,2.911714067871896,-0.010700000000000154,0.14868929608449655
2008-08-01,2.9214337389586564,3.0748143893048363,0.0048000000000001375,0.06874821212376503
2008-09-01,2.927202949059038,2.9214337389586564,0.0018000000000000238,-0.007869254172018891
2008-10-01,2.598058831544048,2.927202949059038,-0.025900000000000034,-0.10388861063743171
2008-11-01,1.4522068246672235,2.598058831544048,-0.07430000000000003,-0.1288865548356979
2008-12-01,0.7009039626269864,1.4522068246672235,-0.004999999999999893,-0.27750324047196084
2009-01-01,0.1391104410826793,0.7009039626269864,0.024499999999999966,-0.27035526337727944
2009-02-01,0.2374009451225234,0.1391104410826793,-0.045700000000000074,-0.30927109680275056
2009-03-01,-0.4241798462999324,0.2374009451225234,-0.0035000000000000586,0.06834730524149846
2009-04-01,-0.3338140790624555,-0.4241798462999324,0.01629999999999998,0.029094988374434028
2009-05-01,-0.9612093464341664,-0.3338140790624555,0.008299999999999974,0.06315129331842817
2009-06-01,-0.951017529193554,-0.9612093464341664,-0.0032999999999998586,0.06916802245361753
2009-07-01,-1.1776818737117,-0.951017529193554,0.0026999999999999247,0.09759221323350431
2009-08-01,-0.8100403757459351,-1.1776818737117,0.005700000000000038,0.15487599948669128
2009-09-01,-0.9225454939182032,-0.8100403757459351,0.0038000000000000256,-0.0640635900740989
2009-10-01,-0.833702799016256,-0.9225454939182032,-0.009200000000000097,0.10808024356861878
2009-11-01,0.0240008589781126,-0.833702799016256,-0.0007999999999999119,-0.09624635311732899
2009-12-01,0.2826843160986136,0.0240008589781126,-0.0036000000000000476,0.054579051091564246
2010-01-01,1.0236340609592445,0.2826843160986136,-0.007900000000000018,0.042963556714411766
2010-02-01,0.9327718748469938,1.0236340609592445,-0.025800000000000045,-0.013510934425847054
2010-03-01,1.3997014141181152,0.9327718748469938,-0.009399999999999853,0.027957549587550368
2010-04-01,1.372755960024108,1.3997014141181152,-0.01890000000000014,0.0036913430636067446
2010-05-01,1.1066651447510845,1.372755960024108,-0.014499999999999957,0.062154978488805135
2010-06-01,0.4862460622403253,1.1066651447510845,-0.014000000000000012,0.07474144008399275
2010-07-01,0.4184442582332082,0.4862460622403253,-0.04249999999999998,-0.05584881733200753
2010-08-01,0.2935419705609288,0.4184442582332082,-0.030299999999999994,-0.015898092964223842
2010-09-01,0.2830754213505537,0.2935419705609288,-0.0042999999999999705,-0.05628091133471802
2010-10-01,0.194018535096796,0.2830754213505537,-0.0343,0.004709580690251514
2010-11-01,0.2410034161444807,0.194018535096796,0.03760000000000008,-0.026388339854563903
2010-12-01,0.5196772641724579,0.2410034161444807,-0.0016000000000000458,0.025827705159016112
2011-01-01,0.2786100757992571,0.5196772641724579,-0.06390000000000007,0.04604748198265618
2011-02-01,0.5102186093748129,0.2786100757992571,-0.0026999999999999247,0.05471015728084616
2011-03-01,1.0042958502234134,0.5102186093748129,0.01869999999999994,0.04218585693191823
2011-04-01,0.2587619317131695,1.0042958502234134,-0.00869999999999993,0.06453076040253425
2011-05-01,0.3691016644592926,0.2587619317131695,0.00990000000000002,0.06785849849288983
2011-06-01,0.5642095449472695,0.3691016644592926,-0.04380000000000006,0.049361552094237204
2011-07-01,0.4721196628744151,0.5642095449472695,-0.04469999999999996,-0.09789119048220307
2011-08-01,0.1921954067730658,0.4721196628744151,-0.031500000000000083,-0.04885198505688759
2011-09-01,0.4857311836034217,0.1921954067730658,-0.05729999999999991,0.008110232183732968
2011-10-01,-0.1125022758294957,0.4857311836034217,0.08050000000000002,-0.11329781896786262
2011-11-01,-0.5256781216272488,-0.1125022758294957,0.028799999999999937,0.1337439819484576
2011-12-01,-0.7147190136247872,-0.5256781216272488,0.0017000000000000348,-0.001055239010219644
2012-01-01,-0.7895892598166698,-0.7147190136247872,-0.0039000000000000146,0.022909215993155208
2012-02-01,-0.8834710128124312,-0.7895892598166698,-0.01649999999999996,-0.0010684308012356425
2012-03-01,-0.954270705495086,-0.8834710128124312,-0.0039000000000000146,0.03239909884515946
2012-04-01,-0.9894648036953946,-0.954270705495086,-0.0009000000000001229,0.04716388819712236
2012-05-01,-1.0135620686997582,-0.9894648036953946,-0.0040999999999999925,0.051537494018661256
2012-06-01,-1.0537063465632213,-1.0135620686997582,-0.0009999999999998899,-0.048881966389013876
2012-07-01,-0.714115035258378,-1.0537063465632213,-0.00019999999999997797,-0.053061225672206724
2012-08-01,-0.4530151212667976,-0.714115035258378,0.0,-0.12621238574408533
2012-09-01,-0.4113653497079261,-0.4530151212667976,9.999999999998899e-05,0.0943162012085228
2012-10-01,-0.2222025551713358,-0.4113653497079261,0.007800000000000029,0.09118648284153696
2012-11-01,-0.375418084027368,-0.2222025551713358,0.0008999999999999009,-0.03369015407528764
2012-12-01,-0.4344553768873993,-0.375418084027368,-0.0045999999999999375,-0.018487577547055878
2013-01-01,-0.2696436457519491,-0.4344553768873993,0.0039000000000000146,-0.01719128774269052
2013-02-01,-0.2561825205184109,-0.2696436457519491,0.018899999999999917,-0.014932496360131609
2013-03-01,-0.5936383111995402,-0.2561825205184109,0.0018000000000000238,0.033873021462566655
2013-04-01,-0.634431394413093,-0.5936383111995402,-0.0034000000000000696,0.022762641042835874
2013-05-01,-0.5074459779935037,-0.634431394413093,-0.006599999999999939,-0.039863623701951845
2013-06-01,-0.1278799363554683,-0.5074459779935037,0.02079999999999993,-0.06792000051868996
2013-07-01,-0.0027565645995597,-0.1278799363554683,-0.008000000000000007,0.021312956117192527
2013-08-01,-0.0445425795244092,-0.0027565645995597,0.0038000000000000256,-0.01840132251990667
2013-09-01,-0.0553994948496505,-0.0445425795244092,-0.0029999999999998916,0.05916417904418303
2013-10-01,-0.2552202951347615,-0.0553994948496505,0.00039999999999995595,0.010450845023332711
2013-11-01,0.0797737096364104,-0.2552202951347615,-0.0023999999999999577,0.0006748267225473725
2013-12-01,0.0670982756167726,0.0797737096364104,0.0004999999999999449,-0.04659462332207731
2014-01-01,0.0543938755263706,0.0670982756167726,-0.006999999999999895,-0.0007196997602223476
2014-02-01,-0.1411561431047481,0.0543938755263706,0.006299999999999972,0.0065448237830869616
2014-03-01,0.0028593637809715,-0.1411561431047481,-0.00990000000000002,-0.013768255744685653
2014-04-01,0.0380061487385008,0.0028593637809715,-0.0035000000000000586,-0.003132484058268048
2014-05-01,0.2208068120170603,0.0380061487385008,0.0013000000000000789,-0.02787955515933138
2014-06-01,0.0496539017402319,0.2208068120170603,0.0012999999999998568,0.004249666463620905
2014-07-01,0.0318073914016059,0.0496539017402319,-0.0022999999999999687,0.022518785094290727
2014-08-01,0.0716181891102341,0.0318073914016059,-0.0030999999999998806,0.029356156578086434
2014-09-01,-0.0875881832116176,0.0716181891102341,-0.0031000000000001027,-0.04500504751153844
2014-10-01,-0.01270368237406,-0.0875881832116176,-0.0041999999999999815,-0.035256327564925805
2014-11-01,-0.0585387747929599,-0.01270368237406,9.999999999998899e-05,-0.017720662192474812
2014-12-01,-0.3283701171522768,-0.0585387747929599,-0.0052000000000000934,-0.0866484845374984
2015-01-01,-0.4852359953402052,-0.3283701171522768,-0.00019999999999997797,-0.08328983219447306
2015-02-01,-0.8396314549325101,-0.4852359953402052,-0.10409999999999986,-0.23080583777770514
2015-03-01,-0.8747285005819116,-0.8396314549325101,-0.03600000000000003,-0.3014876216605926
2015-04-01,-1.1226073953667035,-0.8747285005819116,-0.0014000000000000679,0.18855997534718227
2015-05-01,-1.1819003894647295,-1.1226073953667035,-0.022699999999999942,0.007697068964044984
2015-06-01,-1.0373571046923935,-1.1819003894647295,0.0016000000000000458,0.04485017731315377
2015-07-01,-1.2759187558361251,-1.0373571046923935,0.004999999999999893,0.041455022352177906
2015-08-01,-1.4023938344291054,-1.2759187558361251,0.0040000000000000036,-0.041057346418381435
2015-09-01,-1.443719196827975,-1.4023938344291054,0.029400000000000093,-0.06096047755298528
2015-10-01,-1.35989022623898,-1.443719196827975,0.013600000000000056,-0.17982975734240592
2015-11-01,-1.3925136635173474,-1.35989022623898,-0.0039000000000000146,0.02715362385352149
2015-12-01,-1.308440462871996,-1.3925136635173474,-0.0049000000000001265,0.01319099134109436
2016-01-01,-1.266632028856285,-1.308440462871996,0.0,-0.04878372930763808
2016-02-01,-0.8285199503960006,-1.266632028856285,0.010199999999999987,-0.16539499053017703
2016-03-01,-0.8607602509740575,-0.8285199503960006,0.008599999999999941,-0.2038890052293021
2016-04-01,-0.3519080415482656,-0.8607602509740575,-0.00969999999999982,0.0347352982520035
2016-05-01,-0.4399312340498174,-0.3519080415482656,0.0009999999999998899,0.16190100182965006
2016-06-01,-0.374093841429457,-0.4399312340498174,0.012299999999999978,0.06476732141836417
2016-07-01,-0.2029118385637796,-0.374093841429457,-0.01529999999999987,0.13055186698184462
2016-08-01,-0.143126590146092,-0.2029118385637796,-0.0034000000000000696,0.02429276634189126
2016-09-01,-0.1814433609884869,-0.143126590146092,0.0008999999999999009,-0.058349102588441504
2016-10-01,-0.2127422062504602,-0.1814433609884869,0.0046000000000001595,0.007542494429246371
2016-11-01,-0.33835567733973,-0.2127422062504602,-0.0039000000000000146,0.019798252106736136
2016-12-01,-0.0066871812128943,-0.33835567733973,-0.012399999999999967,0.07416373185987091
2017-01-01,0.3488727145155579,-0.0066871812128943,-0.000500000000000167,-0.09250844439644945
2017-02-01,0.6460893652480149,0.3488727145155579,-0.0040999999999999925,0.1986848839943396
2017-03-01,0.5679026181711677,0.6460893652480149,-0.005399999999999849,0.012957761322814232
2017-04-01,0.4377867067935304,0.5679026181711677,0.0046999999999999265,-0.0015134764264361777
2017-05-01,0.4794131211188546,0.4377867067935304,0.0017000000000000348,-0.061247397326319675
2017-06-01,0.1972813304601306,0.4794131211188546,0.01739999999999986,0.012538192949708371
2017-07-01,0.3292994774885427,0.1972813304601306,-0.0021999999999999797,-0.05280401865697204
2017-08-01,0.4627321333383616,0.3292994774885427,0.017900000000000027,-0.10084608633014547
2017-09-01,0.6519727071180981,0.4627321333383616,0.03420000000000001,0.03673189467439553
2017-10-01,0.6608853540319037,0.6519727071180981,0.007200000000000095,0.06867864165756687
2017-11-01,0.7871113348127734,0.6608853540319037,0.007399999999999851,0.07983719209897533
2017-12-01,0.838650177707545,0.7871113348127734,0.010099999999999998,0.043905195557699006
2018-01-01,0.7402068263038686,0.838650177707545,0.0047000000000001485,0.09700336470941906
2018-02-01,0.628089304870838,0.7402068263038686,0.0035000000000000586,0.021065182971031327
2018-03-01,0.7953958548978513,0.628089304870838,-0.018100000000000005,0.044550699857348164
2018-04-01,0.8031029073180873,0.7953958548978513,0.013799999999999812,-0.08498084323051636
2018-05-01,0.9991887795401722,0.8031029073180873,0.019950000000000134,0.02446842650020109
2018-06-01,1.1465109766187087,0.9991887795401722,-0.009530000000000038,0.10960277743467906
2018-07-01,1.2303106335981973,1.1465109766187087,-0.0230999999999999,0.0952095227713965
2018-08-01,1.181033152108668,1.2303106335981973,0.006440000000000001,-0.04136408726844287
2018-09-01,0.98958767714743,1.181033152108668,-0.0214700000000001,0.0030934946791152385
2018-10-01,1.1065327642695078,0.98958767714743,-0.01167000000000007,-0.029617881776156096
2018-11-01,0.9220147873120644,1.1065327642695078,0.012390000000000123,0.0629601835870437
2018-12-01,0.6915473974712594,0.9220147873120644,-0.003750000000000142,0.052844155029695195
2019-01-01,0.5600731768970135,0.6915473974712594,-0.007849999999999913,-0.21672973581417843
2019-02-01,0.5786021773881878,0.5600731768970135,-1.999999999990898e-05,-0.12988657376572554
2019-03-01,0.728949290345482,0.5786021773881878,0.007009999999999961,0.031927672484010294
2019-04-01,0.7081228855768895,0.728949290345482,-0.005149999999999988,0.08619836805238368
2019-05-01,0.6343127028463735,0.7081228855768895,0.00011999999999989797,0.03257737993108201
2019-06-01,0.6003635364487669,0.6343127028463735,-0.0007999999999999119,0.0801076646494705
2019-07-01,0.3117307358243559,0.6003635364487669,-0.014270000000000005,0.005377761853647023
2019-08-01,0.3179261174027781,0.3117307358243559,-0.008580000000000032,-0.12669693283635652
2019-09-01,0.1482276734713794,0.3179261174027781,-0.018590000000000106,-0.0062521486999065345
2019-10-01,-0.2531281674049257,0.1482276734713794,0.0012199999999999989,-0.08802893512284182
2019-11-01,-0.1311790859424233,-0.2531281674049257,0.00735000000000019,0.07395487311293092
2019-12-01,0.1557379226091004,-0.1311790859424233,-0.00012000000000012001,-0.04769422213548413
2020-01-01,0.2022672249341495,0.1557379226091004,-0.004729999999999901,0.056388479282178494
2020-02-01,-0.0621745385715577,0.2022672249341495,-0.016670000000000185,0.05181305733425301
2020-03-01,-0.5151309832131301,-0.0621745385715577,-0.011339999999999906,-0.06829756935633835
2020-04-01,-1.0630901667319836,-0.5151309832131301,-0.006019999999999914,-0.12804681681658803
2020-05-01,-1.3245846823695784,-1.0630901667319836,-0.0046000000000001595,-0.5728476121244181
2020-06-01,-1.2747638771730685,-1.3245846823695784,0.0023300000000001653,-0.5404277191357183
2020-07-01,-0.9198259394927466,-1.2747638771730685,0.014979999999999993,0.46883933114816667
2020-08-01,-0.8661665950317365,-0.9198259394927466,-0.0011700000000001154,0.2947885055271109
2020-09-01,-0.7998790560877267,-0.8661665950317365,0.006220000000000114,0.0538513849267197
2020-10-01,-0.5702684775675371,-0.7998790560877267,0.0015899999999999803,0.007343769657136345
2020-11-01,-0.6847672703737984,-0.5702684775675371,-0.0043800000000000505,-0.08470134168191423
2020-12-01,-0.8137540557769496,-0.6847672703737984,0.003989999999999938,-0.019507893975269308
2021-01-01,-0.5442431406230686,-0.8137540557769496,0.0035800000000001386,0.05832982844957835
2021-02-01,-0.5040757090289838,-0.5442431406230686,-0.0022500000000000853,0.13342605866785107
2021-03-01,-0.2451612218809851,-0.5040757090289838,0.006229999999999958,0.08879666997911873
2021-04-01,0.3278266128345475,-0.2451612218809851,0.02069999999999994,0.14027528991794425
2021-05-01,0.5509732761464825,0.3278266128345475,-0.0029799999999999827,0.08434948772822981
2021-06-01,0.6044864578434339,0.5509732761464825,-0.006469999999999976,-0.018130814853098975
2021-07-01,0.6787691992889533,0.6044864578434339,-0.002809999999999979,0.035718891865152536
2021-08-01,0.8816175914454494,0.6787691992889533,-0.008580000000000032,0.07098273729084692
2021-09-01,0.9424219914805798,0.8816175914454494,-0.009379999999999944,0.03806709578882295
2021-10-01,1.2418157172330302,0.9424219914805798,0.009929999999999994,-0.0647336189914105
2021-11-01,1.5328142760689722,1.2418157172330302,-0.014580000000000037,0.060377202382884576
2021-12-01,1.531035087512933,1.5328142760689722,-0.019199999999999884,0.1159888671530469
2022-01-01,1.648718091223511,1.531035087512933,-0.011390000000000011,-0.03210060507507517
2022-02-01,2.1508279145601605,1.648718091223511,-0.0005999999999999339,-0.08972029217506972
2022-03-01,2.3861734234856824,2.1508279145601605,0.005929999999999991,0.15142519655454567
2022-04-01,2.548140444340685,2.3861734234856824,-0.02153000000000005,0.12015796922385746
2022-05-01,2.942462163429438,2.548140444340685,-0.0028600000000000847,0.19579650663153458
2022-06-01,3.3849222675721657,2.942462163429438,0.014190000000000147,-0.09915944472851557
2022-07-01,3.4334196054769617,3.3849222675721657,-0.01096000000000008,0.11823072660056866
2022-08-01,3.452146503978337,3.4334196054769617,-0.0373,0.06856726836240945
2022-09-01,3.2524256469271595,3.452146503978337,-0.01866000000000001,-0.09207873321333349
2022-10-01,2.9959885772869788,3.2524256469271595,-0.0048000000000000265,-0.12105221414021194
2022-11-01,2.960214813910711,2.9959885772869788,0.014800000000000035,-0.09610027496040541
2022-12-01,2.840423156484473,2.960214813910711,0.005309999999999926,0.06204312568292192
2023-01-01,3.2825409910184566,2.840423156484473,0.0022400000000000198,-0.05109360073500735
2023-02-01,3.371874513621731,3.2825409910184566,0.009610000000000007,-0.15755725006031618
2023-03-01,2.945245603320412,3.371874513621731,-0.005699999999999927,0.0107498174527354
2023-04-01,2.565336446218902,2.945245603320412,5.999999999994898e-05,0.001185581339406383
2023-05-01,2.1587785976987077,2.565336446218902,-0.005719999999999947,-0.050214619561125495
2023-06-01,1.7108085905650272,2.1587785976987077,-0.009460000000000024,0.045583250869951186
2023-07-01,1.605125266088092,1.7108085905650272,0.0006899999999999684,-0.11547399660711655
2023-08-01,1.5542560608024836,1.605125266088092,-0.00992000000000004,-0.004070022657264083
2023-09-01,1.6547440836993887,1.5542560608024836,-0.007749999999999924,0.03777749044519041
2023-10-01,1.6935104752171748,1.6547440836993887,0.0013400000000000079,0.07794752609912159
2023-11-01,1.4436843535968746,1.6935104752171748,-0.004510000000000014,0.10638124719002207
2023-12-01,1.7147615126525515,1.4436843535968746,0.008059999999999956,-0.027690702572971126
2024-01-01,1.2786565147854922,1.7147615126525515,-0.01908999999999994,-0.1017131289167601
2024-02-01,1.168438911855274,1.2786565147854922,-0.00770000000000004,-0.09547228709338462
2024-03-01,1.0449709825572473,1.168438911855274,0.009549999999999947,0.023376937908843765
2024-04-01,1.3677800816269017,1.0449709825572473,0.01927000000000001,0.0614509059144952
2024-05-01,1.3900197567792594,1.3677800816269017,0.010709999999999997,0.03558984775422225
2024-06-01,1.328084295735121,1.3900197567792594,0.006820000000000048,0.07598668797485875
2024-07-01,1.2905870645162576,1.328084295735121,-0.02090000000000003,-0.09619513179288663
2024-08-01,1.0603825015780055,1.2905870645162576,0.005920000000000036,-0.010776452468813424
2024-09-01,0.8429235162584758,1.0603825015780055,-0.02288000000000001,0.03308957831571746
2024-10-01,0.6228701268552905,0.8429235162584758,-0.003929999999999989,-0.09814090801711206
2024-11-01,0.7306593866007294,0.6228701268552905,-0.0023400000000000087,-0.09405324180830732
2024-12-01,0.6263926689603849,0.7306593866007294,-0.003269999999999995,0.03729043897927653
2025-01-01,0.4015717084438597,0.6263926689603849,-0.0015699999999999603,0.005522097527248526
2025-02-01,0.3247187801521001,0.4015717084438597,0.007789999999999964,0.00562713993886188
2025-03-01,0.3422916968301992,0.3247187801521001,-0.00048000000000003595,0.09091858542959663
2025-04-01,0.0343402833421713,0.3422916968301992,0.013739999999999974,-0.05547730710952603
2025-05-01,-0.0997623571313721,0.0343402833421713,-0.01688999999999996,-0.05940039051390755
2025-06-01,0.0779219747909953,-0.0997623571313721,-0.0022100000000000453,-0.11957926183283796
2025-07-01,0.2179756308813507,0.0779219747909953,0.0018800000000001038,-0.06470686979907114
2025-08-01,0.1521670376359862,0.2179756308813507,-0.005210000000000048,0.08418035626340625
2025-09-01,0.2244301717938102,0.1521670376359862,0.006299999999999972,-0.025395469852711017
2025-10-01,0.0959782036595413,0.2244301717938102,-0.0039199999999999235,-0.03490899378156609
2025-11-01,0.0212017385425644,0.0959782036595413,-0.006260000000000043,-0.010626606375396364
2025-12-01,0.0632399676595563,0.0212017385425644,0.00029999999999996696,-0.050562265612932755
2026-01-01,0.0580675906755479,0.0632399676595563,0.0042600000000000415,-0.003928125759665058
2026-02-01,0.130721557109803,0.0580675906755479,-0.005809999999999982,-0.028326138069479256
2026-03-01,0.3146541043851592,0.130721557109803,-0.01326000000000005,0.05422189614130346
